Unnamed: 0,Best Reward,Generations,UFDB,FEB,FFB,HGB,NUFDP,NFIRP,HHP,HCP,-,ERB,EGB,EWP,ECP,--,HRB,HAB,HGB2,HLP,HWP,HCP2,DP,---,CDB,ABB,BP,CP,RPP
0,6132.358166060108,4,0.5529931197108926,0.5529931197108926,0.5529931197108926,0.5529931197108926,0.5529931197108926,0.5529931197108926,0.5529931197108926,0.5529931197108926,-,0.5529931197108926,0.5529931197108926,0.5529931197108926,0.5529931197108926,-,0.5529931197108926,0.5529931197108926,0.5529931197108926,0.5529931197108926,0.5529931197108926,0.5529931197108926,0.5529931197108926,-,0.5529931197108926,0.5529931197108926,0.5529931197108926,0.5529931197108926,0.5529931197108926
0,0,0,0.7475589877734891,0.7475589877734891,0.7475589877734891,0.7475589877734891,0.7475589877734891,0.7475589877734891,0.7475589877734891,0.7475589877734891,-,0.7475589877734891,0.7475589877734891,0.7475589877734891,0.7475589877734891,-,0.7475589877734891,0.7475589877734891,0.7475589877734891,0.7475589877734891,0.7475589877734891,0.7475589877734891,0.7475589877734891,-,0.7475589877734891,0.7475589877734891,0.7475589877734891,0.7475589877734891,0.7475589877734891
