age,best_reward,generations,upgrade_food_dist_bonus,food_eat_bonus,food_found_bonus,hunger_good_bonus,no_upgrade_food_dist_penalty,no_food_in_range_penalty,hunger_hungry_penalty,hunger_critic_penalty,---,energy_recharge_bonus,energy_good_bonus,energy_weary_penalty,energy_critic_penalty,---.1,health_recove_bonus,health_any_bonus,health_good_bonus,health_loss_penalty,health_wounded_penalty,health_critic_penalty,dead_penalty,---.2,change_direction_bonus,away_border_bonus,border_penalty,corner_penalty,repeat_position_penalty
1,21600.971748046584,3,0.47435736661071,0.1469752814358563,0.4496628853676424,1.7646530163286849,0.4711053942492632,0.9920017812247396,0.0516805390984359,1.0,---,0.6272465525843026,0.0225920875017963,0.379862804678719,1.4388797955514931,---,1.3029086175432971,0.267023492431507,0.0607398593359688,0.6085182661064867,0.9086648539883424,1.259625623560374,1.4824019736852614,---,0.8866020079569201,0.011561214188643,0.0190103079036086,0.0286572292958997,0.0804716979028133
