age,best_reward,generations,upgrade_food_dist_bonus,food_eat_bonus,food_found_bonus,hunger_good_bonus,no_upgrade_food_dist_penalty,no_food_in_range_penalty,hunger_hungry_penalty,hunger_critic_penalty,---,energy_recharge_bonus,energy_good_bonus,energy_weary_penalty,energy_critic_penalty,---.1,health_recove_bonus,health_any_bonus,health_good_bonus,health_loss_penalty,health_wounded_penalty,health_critic_penalty,dead_penalty,---.2,change_direction_bonus,away_border_bonus,border_penalty,corner_penalty,repeat_position_penalty
1,1746.7820936391026,74,0.9014243911918738,0.8727623447199063,0.116542646411488,1.49498953916841,0.99441196766231,0.1851262488213719,0.0570162136315606,1.0,---,0.7577546620817116,0.0528086461147387,0.8236994225837126,1.036030967362894,---,1.7865289166414944,0.9890535112893264,0.0574946104671343,0.7583707055198052,0.2371635976424482,1.4152130032085857,1.7725078074256155,---,0.0509347020804962,0.0945357168078504,0.0287176799905412,0.0231256757782552,0.0664906896462838
2,1646.6175018433403,16,0.158201744751359,0.7392331011789497,0.9145519442583444,1.2221482446190044,0.6193453654208266,0.468084141168699,0.0153222630123803,1.0,---,0.3254096958454809,0.0527048084058682,0.2328453358780342,0.1179910783422641,---,1.8155941239878448,0.7544541639599937,0.0714445918491251,0.7970817803763253,0.3344264569771151,1.7408018407684391,1.7959116554061776,---,0.2653401222078768,0.0933213427620615,0.0405462169906788,0.0809132980802566,0.0948504140291263
